{
  "data": [
    {
      "id": 1,
      "Country": "Galen Slixby",
      "CTD ID": "Editor",
      "Number of lots": "gslixby0",
      "Commissions for DAC-Rapide": "gslixby0@abc.net.au",
      "Commissions for PO": "Enterprise",
      "billing": "Manual - Credit Card",
      "status": 3,
      "avatar": ""
    },
    {
      "id": 2,
      "Country": "Halsey Redmore",
      "CTD ID": "Author",
      "Number of lots": "hredmore1",
      "Commissions for DAC-Rapide": "hredmore1@imgur.com",
      "Commissions for PO": "Team",
      "billing": "Manual - Paypal",
      "status": 1,
      "avatar": "10.png"
    },
    {
      "id": 3,
      "Country": "Marjory Sicely",
      "CTD ID": "Maintainer",
      "Number of lots": "msicely2",
      "Commissions for DAC-Rapide": "msicely2@who.int",
      "Commissions for PO": "Enterprise",
      "billing": "Auto Debit",
      "status": 2,
      "avatar": "1.png"
    },
    {
      "id": 4,
      "Country": "Cyrill Risby",
      "CTD ID": "Maintainer",
      "Number of lots": "crisby3",
      "Commissions for DAC-Rapide": "crisby3@wordpress.com",
      "Commissions for PO": "Team",
      "billing": "Manual - Credit Card",
      "status": 3,
      "avatar": "9.png"
    },
    {
      "id": 5,
      "Country": "Maggy Hurran",
      "CTD ID": "Subscriber",
      "Number of lots": "mhurran4",
      "Commissions for DAC-Rapide": "mhurran4@yahoo.co.jp",
      "Commissions for PO": "Enterprise",
      "billing": "Auto Debit",
      "status": 1,
      "avatar": "10.png"
    },
    {
      "id": 6,
      "Country": "Silvain Halstead",
      "CTD ID": "Author",
      "Number of lots": "shalstead5",
      "Commissions for DAC-Rapide": "shalstead5@shinystat.com",
      "Commissions for PO": "Company",
      "billing": "Auto Debit",
      "status": 2,
      "avatar": ""
    },
    {
      "id": 7,
      "Country": "Breena Gallemore",
      "CTD ID": "Subscriber",
      "Number of lots": "bgallemore6",
      "Commissions for DAC-Rapide": "bgallemore6@boston.com",
      "Commissions for PO": "Company",
      "billing": "Manual - Paypal",
      "status": 1,
      "avatar": ""
    },
    {
      "id": 8,
      "Country": "Kathryne Liger",
      "CTD ID": "Author",
      "Number of lots": "kliger7",
      "Commissions for DAC-Rapide": "kliger7@vinaora.com",
      "Commissions for PO": "Enterprise",
      "billing": "Manual - Cash",
      "status": 1,
      "avatar": "9.png"
    },
    {
      "id": 9,
      "Country": "Franz Scotfurth",
      "CTD ID": "Subscriber",
      "Number of lots": "fscotfurth8",
      "Commissions for DAC-Rapide": "fscotfurth8@dailymotion.com",
      "Commissions for PO": "Team",
      "billing": "Auto Debit",
      "status": 1,
      "avatar": "2.png"
    },
    {
      "id": 10,
      "Country": "Jillene Bellany",
      "CTD ID": "Maintainer",
      "Number of lots": "jbellany9",
      "Commissions for DAC-Rapide": "jbellany9@kickstarter.com",
      "Commissions for PO": "Company",
      "billing": "Auto Debit",
      "status": 3,
      "avatar": "9.png"
    },
    {
      "id": 11,
      "Country": "Jonah Wharlton",
      "CTD ID": "Subscriber",
      "Number of lots": "jwharltona",
      "Commissions for DAC-Rapide": "jwharltona@oakley.com",
      "Commissions for PO": "Team",
      "billing": "Manual - Paypal",
      "status": 3,
      "avatar": "4.png"
    },
    {
      "id": 12,
      "Country": "Seth Hallam",
      "CTD ID": "Subscriber",
      "Number of lots": "shallamb",
      "Commissions for DAC-Rapide": "shallamb@hugedomains.com",
      "Commissions for PO": "Team",
      "billing": "Manual - Credit Card",
      "status": 1,
      "avatar": "5.png"
    },
    {
      "id": 13,
      "Country": "Yoko Pottie",
      "CTD ID": "Subscriber",
      "Number of lots": "ypottiec",
      "Commissions for DAC-Rapide": "ypottiec@privacy.gov.au",
      "Commissions for PO": "Basic",
      "billing": "Auto Debit",
      "status": 3,
      "avatar": "7.png"
    },
    {
      "id": 14,
      "Country": "Maximilianus Krause",
      "CTD ID": "Author",
      "Number of lots": "mkraused",
      "Commissions for DAC-Rapide": "mkraused@stanford.edu",
      "Commissions for PO": "Team",
      "billing": "Auto Debit",
      "status": 2,
      "avatar": "9.png"
    },
    {
      "id": 15,
      "Country": "Zsazsa McCleverty",
      "CTD ID": "Maintainer",
      "Number of lots": "zmcclevertye",
      "Commissions for DAC-Rapide": "zmcclevertye@soundcloud.com",
      "Commissions for PO": "Enterprise",
      "billing": "Auto Debit",
      "status": 2,
      "avatar": "2.png"
    },
    {
      "id": 16,
      "Country": "Bentlee Emblin",
      "CTD ID": "Author",
      "Number of lots": "bemblinf",
      "Commissions for DAC-Rapide": "bemblinf@wired.com",
      "Commissions for PO": "Company",
      "billing": "Auto Debit",
      "status": 2,
      "avatar": "6.png"
    },
    {
      "id": 17,
      "Country": "Brockie Myles",
      "CTD ID": "Maintainer",
      "Number of lots": "bmylesg",
      "Commissions for DAC-Rapide": "bmylesg@amazon.com",
      "Commissions for PO": "Basic",
      "billing": "Manual - Paypal",
      "status": 2,
      "avatar": ""
    },
    {
      "id": 18,
      "Country": "Bertha Biner",
      "CTD ID": "Editor",
      "Number of lots": "bbinerh",
      "Commissions for DAC-Rapide": "bbinerh@mozilla.com",
      "Commissions for PO": "Team",
      "billing": "Manual - Cash",
      "status": 2,
      "avatar": "7.png"
    },
    {
      "id": 19,
      "Country": "Travus Bruntjen",
      "CTD ID": "Admin",
      "Number of lots": "tbruntjeni",
      "Commissions for DAC-Rapide": "tbruntjeni@sitemeter.com",
      "Commissions for PO": "Enterprise",
      "billing": "Manual - Cash",
      "status": 2,
      "avatar": ""
    },
    {
      "id": 20,
      "Country": "Wesley Burland",
      "CTD ID": "Editor",
      "Number of lots": "wburlandj",
      "Commissions for DAC-Rapide": "wburlandj@uiuc.edu",
      "Commissions for PO": "Team",
      "billing": "Auto Debit",
      "status": 3,
      "avatar": "6.png"
    },
    {
      "id": 21,
      "Country": "Stu Delamaine",
      "CTD ID": "Author",
      "Number of lots": "sdelamainek",
      "Commissions for DAC-Rapide": "sdelamainek@who.int",
      "Commissions for PO": "Basic",
      "billing": "Auto Debit",
      "status": 1,
      "avatar": "1.png"
    },
    {
      "id": 22,
      "Country": "Jameson Lyster",
      "CTD ID": "Editor",
      "Number of lots": "jlysterl",
      "Commissions for DAC-Rapide": "jlysterl@guardian.co.uk",
      "Commissions for PO": "Company",
      "billing": "Auto Debit",
      "status": 3,
      "avatar": "8.png"
    },
    {
      "id": 23,
      "Country": "Kare Skitterel",
      "CTD ID": "Maintainer",
      "Number of lots": "kskitterelm",
      "Commissions for DAC-Rapide": "kskitterelm@washingtonpost.com",
      "Commissions for PO": "Basic",
      "billing": "Manual - Paypal",
      "status": 1,
      "avatar": "3.png"
    },
    {
      "id": 24,
      "Country": "Cleavland Hatherleigh",
      "CTD ID": "Admin",
      "Number of lots": "chatherleighn",
      "Commissions for DAC-Rapide": "chatherleighn@washington.edu",
      "Commissions for PO": "Team",
      "billing": "Manual - Paypal",
      "status": 1,
      "avatar": "2.png"
    },
    {
      "id": 25,
      "Country": "Adeline Micco",
      "CTD ID": "Admin",
      "Number of lots": "amiccoo",
      "Commissions for DAC-Rapide": "amiccoo@whitehouse.gov",
      "Commissions for PO": "Enterprise",
      "billing": "Manual - Credit Card",
      "status": 1,
      "avatar": ""
    },
    {
      "id": 26,
      "Country": "Hugh Hasson",
      "CTD ID": "Admin",
      "Number of lots": "hhassonp",
      "Commissions for DAC-Rapide": "hhassonp@bizjournals.com",
      "Commissions for PO": "Basic",
      "billing": "Manual - Cash",
      "status": 3,
      "avatar": "4.png"
    },
    {
      "id": 27,
      "Country": "Germain Jacombs",
      "CTD ID": "Editor",
      "Number of lots": "gjacombsq",
      "Commissions for DAC-Rapide": "gjacombsq@jigsy.com",
      "Commissions for PO": "Enterprise",
      "billing": "Manual - Cash",
      "status": 2,
      "avatar": "10.png"
    },
    {
      "id": 28,
      "Country": "Bree Kilday",
      "CTD ID": "Maintainer",
      "Number of lots": "bkildayr",
      "Commissions for DAC-Rapide": "bkildayr@mashable.com",
      "Commissions for PO": "Team",
      "billing": "Manual - Credit Card",
      "status": 2,
      "avatar": ""
    },
    {
      "id": 29,
      "Country": "Candice Pinyon",
      "CTD ID": "Maintainer",
      "Number of lots": "cpinyons",
      "Commissions for DAC-Rapide": "cpinyons@behance.net",
      "Commissions for PO": "Team",
      "billing": "Auto Debit",
      "status": 2,
      "avatar": "7.png"
    },
    {
      "id": 30,
      "Country": "Isabel Mallindine",
      "CTD ID": "Subscriber",
      "Number of lots": "imallindinet",
      "Commissions for DAC-Rapide": "imallindinet@shinystat.com",
      "Commissions for PO": "Team",
      "billing": "Manual - Credit Card",
      "status": 1,
      "avatar": ""
    },
    {
      "id": 31,
      "Country": "Gwendolyn Meineken",
      "CTD ID": "Admin",
      "Number of lots": "gmeinekenu",
      "Commissions for DAC-Rapide": "gmeinekenu@hc360.com",
      "Commissions for PO": "Basic",
      "billing": "Manual - Cash",
      "status": 1,
      "avatar": "1.png"
    },
    {
      "id": 32,
      "Country": "Rafaellle Snowball",
      "CTD ID": "Editor",
      "Number of lots": "rsnowballv",
      "Commissions for DAC-Rapide": "rsnowballv@indiegogo.com",
      "Commissions for PO": "Basic",
      "billing": "Manual - Paypal",
      "status": 1,
      "avatar": "5.png"
    },
    {
      "id": 33,
      "Country": "Rochette Emer",
      "CTD ID": "Admin",
      "Number of lots": "remerw",
      "Commissions for DAC-Rapide": "remerw@blogtalkradio.com",
      "Commissions for PO": "Basic",
      "billing": "Auto Debit",
      "status": 2,
      "avatar": "8.png"
    },
    {
      "id": 34,
      "Country": "Ophelie Fibbens",
      "CTD ID": "Subscriber",
      "Number of lots": "ofibbensx",
      "Commissions for DAC-Rapide": "ofibbensx@booking.com",
      "Commissions for PO": "Company",
      "billing": "Manual - Cash",
      "status": 2,
      "avatar": "4.png"
    },
    {
      "id": 35,
      "Country": "Stephen MacGilfoyle",
      "CTD ID": "Maintainer",
      "Number of lots": "smacgilfoyley",
      "Commissions for DAC-Rapide": "smacgilfoyley@bigcartel.com",
      "Commissions for PO": "Company",
      "billing": "Manual - Paypal",
      "status": 1,
      "avatar": ""
    },
    {
      "id": 36,
      "Country": "Bradan Rosebotham",
      "CTD ID": "Subscriber",
      "Number of lots": "brosebothamz",
      "Commissions for DAC-Rapide": "brosebothamz@tripadvisor.com",
      "Commissions for PO": "Team",
      "billing": "Manual - Paypal",
      "status": 3,
      "avatar": ""
    },
    {
      "id": 37,
      "Country": "Skip Hebblethwaite",
      "CTD ID": "Admin",
      "Number of lots": "shebblethwaite10",
      "Commissions for DAC-Rapide": "shebblethwaite10@arizona.edu",
      "Commissions for PO": "Company",
      "billing": "Manual - Cash",
      "status": 3,
      "avatar": "9.png"
    },
    {
      "id": 38,
      "Country": "Moritz Piccard",
      "CTD ID": "Maintainer",
      "Number of lots": "mpiccard11",
      "Commissions for DAC-Rapide": "mpiccard11@vimeo.com",
      "Commissions for PO": "Enterprise",
      "billing": "Manual - Credit Card",
      "status": 3,
      "avatar": "1.png"
    },
    {
      "id": 39,
      "Country": "Tyne Widmore",
      "CTD ID": "Subscriber",
      "Number of lots": "twidmore12",
      "Commissions for DAC-Rapide": "twidmore12@bravesites.com",
      "Commissions for PO": "Team",
      "billing": "Manual - Cash",
      "status": 1,
      "avatar": ""
    },
    {
      "id": 40,
      "Country": "Florenza Desporte",
      "CTD ID": "Author",
      "Number of lots": "fdesporte13",
      "Commissions for DAC-Rapide": "fdesporte13@omniture.com",
      "Commissions for PO": "Company",
      "billing": "Manual - Cash",
      "status": 2,
      "avatar": "6.png"
    },
    {
      "id": 41,
      "Country": "Edwina Baldetti",
      "CTD ID": "Maintainer",
      "Number of lots": "ebaldetti14",
      "Commissions for DAC-Rapide": "ebaldetti14@theguardian.com",
      "Commissions for PO": "Team",
      "billing": "Manual - Credit Card",
      "status": 1,
      "avatar": ""
    },
    {
      "id": 42,
      "Country": "Benedetto Rossiter",
      "CTD ID": "Editor",
      "Number of lots": "brossiter15",
      "Commissions for DAC-Rapide": "brossiter15@craigslist.org",
      "Commissions for PO": "Team",
      "billing": "Manual - Cash",
      "status": 3,
      "avatar": ""
    },
    {
      "id": 43,
      "Country": "Micaela McNirlan",
      "CTD ID": "Admin",
      "Number of lots": "mmcnirlan16",
      "Commissions for DAC-Rapide": "mmcnirlan16@hc360.com",
      "Commissions for PO": "Basic",
      "billing": "Manual - Credit Card",
      "status": 3,
      "avatar": ""
    },
    {
      "id": 44,
      "Country": "Vladamir Koschek",
      "CTD ID": "Author",
      "Number of lots": "vkoschek17",
      "Commissions for DAC-Rapide": "vkoschek17@abc.net.au",
      "Commissions for PO": "Team",
      "billing": "Manual - Paypal",
      "status": 2,
      "avatar": ""
    },
    {
      "id": 45,
      "Country": "Corrie Perot",
      "CTD ID": "Subscriber",
      "Number of lots": "cperot18",
      "Commissions for DAC-Rapide": "cperot18@goo.ne.jp",
      "Commissions for PO": "Team",
      "billing": "Manual - Paypal",
      "status": 1,
      "avatar": "3.png"
    },
    {
      "id": 46,
      "Country": "Saunder Offner",
      "CTD ID": "Maintainer",
      "Number of lots": "soffner19",
      "Commissions for DAC-Rapide": "soffner19@mac.com",
      "Commissions for PO": "Enterprise",
      "billing": "Auto Debit",
      "status": 1,
      "avatar": ""
    },
    {
      "id": 47,
      "Country": "Karena Courtliff",
      "CTD ID": "Admin",
      "Number of lots": "kcourtliff1a",
      "Commissions for DAC-Rapide": "kcourtliff1a@bbc.co.uk",
      "Commissions for PO": "Basic",
      "billing": "Manual - Paypal",
      "status": 2,
      "avatar": "1.png"
    },
    {
      "id": 48,
      "Country": "Onfre Wind",
      "CTD ID": "Admin",
      "Number of lots": "owind1b",
      "Commissions for DAC-Rapide": "owind1b@yandex.ru",
      "Commissions for PO": "Basic",
      "billing": "Manual - Paypal",
      "status": 1,
      "avatar": ""
    },
    {
      "id": 49,
      "Country": "Paulie Durber",
      "CTD ID": "Subscriber",
      "Number of lots": "pdurber1c",
      "Commissions for DAC-Rapide": "pdurber1c@gov.uk",
      "Commissions for PO": "Team",
      "billing": "Manual - Cash",
      "status": 3,
      "avatar": ""
    },
    {
      "id": 50,
      "Country": "Beverlie Krabbe",
      "CTD ID": "Editor",
      "Number of lots": "bkrabbe1d",
      "Commissions for DAC-Rapide": "bkrabbe1d@home.pl",
      "Commissions for PO": "Company",
      "billing": "Auto Debit",
      "status": 2,
      "avatar": "9.png"
    }
  ]
}
