{
  "menu": [{
      "name": "Dashboards",
      "icon": "menu-icon tf-icons bx bx-home-circle",
      "slug": "dashboard",
      "submenu": [{
          "url": "admin/",
          "name": "Analytics",
          "slug": "dashboard-analytics"
        },
        {
          "url": "admin/dashboard/ecommerce",
          "name": "eCommerce",
          "slug": "dashboard-ecommerce"
        }
      ]
    },
    {
      "name": "Layouts",
      "icon": "menu-icon tf-icons bx bx-layout",
      "slug": "layouts",
      "submenu": [{
          "url": "admin/layouts/collapsed-menu",
          "name": "Collapsed menu",
          "slug": "layouts-collapsed-menu"
        },
        {
          "url": "admin/layouts/content-navbar",
          "name": "Content navbar",
          "slug": "layouts-content-navbar"
        },
        {
          "url": "admin/layouts/content-nav-sidebar",
          "name": "Content nav + Sidebar",
          "slug": "layouts-content-nav-sidebar"
        },
        {
          "url": "admin/layouts/horizontal",
          "name": "Horizontal",
          "slug": "layouts-horizontal",
          "target": "_blank"
        },
        {
          "url": "admin/layouts/without-menu",
          "name": "Without menu",
          "slug": "layouts-without-menu"
        },
        {
          "url": "admin/layouts/without-navbar",
          "name": "Without navbar",
          "slug": "layouts-without-navbar"
        },
        {
          "url": "admin/layouts/fluid",
          "name": "Fluid",
          "slug": "layouts-fluid"
        },
        {
          "url": "admin/layouts/container",
          "name": "Container",
          "slug": "layouts-container"
        },
        {
          "url": "admin/layouts/blank",
          "name": "Blank",
          "slug": "layouts-blank"
        }
      ]
    },
    {
      "name": "Laravel Example",
      "icon": "menu-icon tf-icons bx bxl-php",
      "slug": "laravel-example",
      "submenu": [{
        "url": "admin/laravel/user-management",
        "name": "User Management",
        "slug": "laravel-example-user-management"
      }]
    },
    {
      "menuHeader": "Apps & Pages"
    },
    {
      "url": "admin/app/calendar",
      "name": "Calendar",
      "icon": "menu-icon tf-icons bx bx-calendar",
      "slug": "app-calendar"
    },
    {
      "name": "Content Management",
      "icon": "menu-icon tf-icons bx bx-doughnut-chart",
      "slug": "content",
      "submenu": [{
          "url": "javascript:void(0)",
          "name": "Homepage Section",
          "slug": "content-homepage",
          "submenu": [{
              "url": "javascript:void(0)",
              "name": "Hero Section",
              "slug": "content-homepage-hero",
              "submenu": [{
                  "url": "admin/sliders/content-homepage-hero-static",
                  "name": "Static Version",
                  "slug": "content-homepage-hero-static.index"
                },
                {
                  "url": "admin/sliders/content-homepage-hero-slider",
                  "name": "Slider Version",
                  "slug": "content-homepage-hero-slider.index"
                },
                {
                  "url": "admin/sliders/content-homepage-hero-video",
                  "name": "Video Version",
                  "slug": "content-homepage-hero-video.index"
                },
                {
                  "url": "admin/sliders/content-homepage-hero-settings",
                  "name": "Settings",
                  "slug": "content-homepage-hero-settings"
                }
              ]
            },
            {
              "url": "admin/content-homepage-features",
              "name": "Features Section",
              "slug": "content-homepage-features.index"
            },
            {
              "url": "admin/content-homepage-intro",
              "name": "Intro Section",
              "slug": "content-homepage-intro.index"
            },
            {
              "url": "admin/content-homepage-statistics",
              "name": "Statistics Section",
              "slug": "content-homepage-statistics.index"
            },
            {
              "url": "admin/content-homepage-how-to",
              "name": "How it's work Section",
              "slug": "content-homepage-how-to.index"
            },
            {
              "url": "admin/content-homepage-ctd",
              "name": "CTD Section",
              "slug": "content-homepage-ctd.index"
            },
            {
              "url": "admin/content-homepage-testimonials",
              "name": "Clients testimonial Section",
              "slug": "content-homepage-testimonials.index"
            },
            {
              "url": "admin/content-homepage-partners",
              "name": "Partners Section",
              "slug": "content-homepage-partners.index"
            },
            {
              "url": "admin/content-homepage-pricing",
              "name": "Pricing Plan Section",
              "slug": "content-homepage-pricing.index"
            },
            {
              "url": "admin/content-homepage-cta",
              "name": "Call to Action Section",
              "slug": "content-homepage-cta.index"
            },
            {
              "url": "admin/content-homepage-team",
              "name": "Team Section",
              "slug": "content-homepage-team.index"
            },
            {
              "url": "admin/app/invoice/list",
              "name": "Section Customization",
              "slug": "section-customization"
            }
          ]
        },
        {
          "url": "javascript:void(0)",
          "name": "Our Services",
          "slug": "content-services",
          "submenu": [{
              "url": "admin/content-services",
              "name": "All Services",
              "slug": "content-services.index"
            },
            {
              "url": "admin/content-services-category",
              "name": "Service Categories",
              "slug": "content-services-category.index"
            },
            {
              "url": "admin/content-services-settings",
              "name": "Settings",
              "slug": "content-services.setting"
            }
          ]
        },
        {
          "url": "javascript:void(0)",
          "name": "Gallery",
          "slug": "content-gallery",
          "submenu": [{
              "url": "admin/content-gallery",
              "name": "Gallery",
              "slug": "content-gallery.index"
            },
            {
              "url": "admin/content-gallery-category",
              "name": "Categories",
              "slug": "content-gallery-category.index"
            },
            {
              "url": "admin/content-gallery-settings",
              "name": "Settings",
              "slug": "content-gallery.setting"
            }
          ]
        },
        {
          "url": "javascript:void(0)",
          "name": "Blog",
          "slug": "content-blog",
          "submenu": [{
              "url": "admin/content-blog",
              "name": "All Blogs",
              "slug": "content-blog.index"
            },
            {
              "url": "admin/content-blog-category",
              "name": "Blog Categories",
              "slug": "content-blog-category.index"
            },
            {
              "url": "admin/content-blog-archives",
              "name": "Archives",
              "slug": "content-blog-archives.index"
            }
          ]
        },
        {
          "url": "javascript:void(0)",
          "name": "FAQ's",
          "slug": "content-faq",
          "submenu": [{
              "url": "admin/content-faq",
              "name": "All FAQ's",
              "slug": "content-faq.index"
            },
            {
              "url": "admin/content-faq-category",
              "name": "FAQ's Categories",
              "slug": "content-faq-category.index"
            },
            {
              "url": "admin/content-faq-settings",
              "name": "Settings",
              "slug": "content-faq.setting"
            }
          ]
        },
        {
          "url": "admin/content-ministries",
          "name": "Supervising Ministries",
          "slug": "content-ministries.index"
        },
        {
          "url": "admin/content-funding",
          "name": "Funding Sources",
          "slug": "content-funding.index"
        },
        {
          "url": "admin/app/invoice/add",
          "name": "Fiscal Years",
          "slug": "fiscal-years"
        },
        {
          "url": "admin/content-ctd",
          "name": "Types of CTD",
          "slug": "content-ctd"
        },
        {
          "url": "admin/app/invoice/preview",
          "name": "Categories of CTD",
          "slug": "categories-of-ctd"
        },
        {
          "url": "admin/app/invoice/add",
          "name": "Footer",
          "slug": "footer"
        }
      ]
    },
    {
      "name": "Commissions",
      "icon": "menu-icon tf-icons bx bxs-badge-dollar",
      "slug": "commissions",
      "submenu": [{
          "url": "admin/commissions",
          "name": "All Commissions",
          "slug": "commissions.index"
        },
        {
          "url": "admin/commissions/settings",
          "name": "Settings",
          "slug": "commissions-settings"
        }
      ]
    },
    {
      "name": "Packages",
      "icon": "menu-icon tf-icons bx bxs-package",
      "slug": "packages",
      "submenu": [{
          "url": "admin/packages",
          "name": "All Packages",
          "slug": "packages.index"
        },
        {
          "url": "admin/packages/categories",
          "name": "Packages Categories",
          "slug": "packages-categories"
        },
        {
          "url": "admin/packages/subscribers",
          "name": "Packages Subscribers",
          "slug": "packages-subscribers"
        },

        {
          "url": "admin/packages/settings",
          "name": "Settings",
          "slug": "packages-settings"
        }

      ]
    },
    {
      "name": "Invoice",
      "icon": "menu-icon tf-icons bx bx-food-menu",
      "slug": "invoice",
      "submenu": [{
          "url": "admin/invoice",
          "name": "List",
          "slug": "invoice.index"
        },
        {
          "url": "admin/invoice/preview",
          "name": "Preview",
          "slug": "invoice.preview"
        },
        {
          "url": "admin/invoice/edit",
          "name": "Edit",
          "slug": "invoice.edit"
        }
      ]
    },
    {
      "name": "CTD",
      "icon": "menu-icon tf-icons fa-solid fa-file-invoice",
      "slug": "ctd",
      "submenu": [{
          "url": "admin/ctd",
          "name": "List",
          "slug": "ctd.index"
        },
        {
          "url": "admin/ctd/preview",
          "name": "Preview",
          "slug": "ctd-preview"
        },
        {
          "url": "admin/ctd/edit",
          "name": "Edit",
          "slug": "ctd-edit"
        }
      ]
    },
    {
      "name": "Public Officials",
      "icon": "menu-icon tf-icons bx bxs-user-badge",
      "slug": "po",
      "submenu": [
        {
          "url": "admin/po/list",
          "name": "List",
          "slug": "po-list"
        },
        {
          "url": "admin/po/view",
          "name": "View",
          "slug": "po-view",
          "submenu":[
            {
              "url": "admin/po/account",
              "name": "Account",
              "slug": "po-view-account"
            },
            {
              "url": "admin/po/security",
              "name": "Security",
              "slug": "po-view-security"
            },
            {
              "url": "admin/po/billing",
              "name": "Billing & Plans",
              "slug": "po-view-billing"
            },
            {
              "url": "admin/po/notifications",
              "name": "Notifications",
              "slug": "po-view-notifications"
            },
            {
              "url": "admin/po/connections",
              "name": "Connections",
              "slug": "po-view-connections"
            },
            {
              "url": "admin/po/earnings",
              "name": "Earn Statistics",
              "slug": "po-view-earnings"
            }
          ]
        }
      ]
    },
    {
      "name": "Withdraw Request",
      "icon": "menu-icon tf-icons bx bx-money-withdraw",
      "slug": "withdrawal",
      "submenu": [
        {
          "url": "admin/withdrawal/list",
          "name": "List",
          "slug": "withdrawal-list"
        },
        {
          "url": "admin/withdrawal/profile",
          "name": "Preview",
          "slug": "withdrawal-profile"
        }
      ]
    },
    {
      "name": "Earnings on CTD",
      "icon": "menu-icon tf-icons bx bx-dollar-circle",
      "slug": "earn-ctd",
      "submenu": [
        {
          "url": "admin/ctd-earnings/list",
          "name": "List",
          "slug": "earn-ctd-list"
        },
        {
          "url": "admin/ctd-earnings/preview",
          "name": "Preview",
          "slug": "earn-ctd-preview"
        }
      ]
    },
    {
      "name": "Invoice2",
      "icon": "menu-icon tf-icons bx bx-food-menu",
      "slug": "app-invoice",
      "submenu": [{
          "url": "admin/app/invoice/list",
          "name": "List",
          "slug": "app-invoice-list"
        },
        {
          "url": "admin/app/invoice/preview",
          "name": "Preview",
          "slug": "app-invoice-preview"
        },
        {
          "url": "admin/app/invoice/edit",
          "name": "Edit",
          "slug": "app-invoice-edit"
        },
        {
          "url": "admin/app/invoice/add",
          "name": "Add",
          "slug": "app-invoice-add"
        }
      ]
    },
    {
      "name": "Users",
      "icon": "menu-icon tf-icons bx bx-user",
      "slug": "user",
      "submenu": [{
          "url": "admin/user/list",
          "name": "List",
          "slug": "user.list"
        },
        {
          "name": "View",
          "slug": "user-view",
          "submenu": [{
              "url": "admin/user/view/account",
              "name": "Account",
              "slug": "user-view-account"
            },
            {
              "url": "admin/user/view/security",
              "name": "Security",
              "slug": "user-view-security"
            },
            {
              "url": "admin/user/view/billing",
              "name": "Billing & Plans",
              "slug": "user-view-billing"
            },
            {
              "url": "admin/user/view/notifications",
              "name": "Notifications",
              "slug": "user-view-notifications"
            },
            {
              "url": "admin/user/view/connections",
              "name": "Connections",
              "slug": "user-view-connections"
            },
            {
              "url": "admin/user/view/statistics",
              "name": "Expense Statistics",
              "slug": "user-view-statistics"
            }
          ]
        }
      ]
    },
    {
      "name": "Users2",
      "icon": "menu-icon tf-icons bx bx-user",
      "slug": "app-user",
      "submenu": [{
          "url": "admin/app/user/list",
          "name": "List",
          "slug": "app-user-list"
        },
        {
          "name": "View",
          "slug": "app-user-view",
          "submenu": [{
              "url": "admin/app/user/view/account",
              "name": "Account",
              "slug": "app-user-view-account"
            },
            {
              "url": "admin/app/user/view/security",
              "name": "Security",
              "slug": "app-user-view-security"
            },
            {
              "url": "admin/app/user/view/billing",
              "name": "Billing & Plans",
              "slug": "app-user-view-billing"
            },
            {
              "url": "admin/app/user/view/notifications",
              "name": "Notifications",
              "slug": "app-user-view-notifications"
            },
            {
              "url": "admin/app/user/view/connections",
              "name": "Connections",
              "slug": "app-user-view-connections"
            }
          ]
        }
      ]
    },
    {
      "name": "Roles & Permissions",
      "icon": "menu-icon tf-icons bx bx-check-shield",
      "slug": "app-access",
      "submenu": [{
          "url": "admin/app/access-roles",
          "name": "Roles",
          "slug": "app-access-roles"
        },
        {
          "url": "admin/app/access-permission",
          "name": "Permission",
          "slug": "app-access-permission"
        }
      ]
    },
    {
      "name": "Pages",
      "icon": "menu-icon tf-icons bx bx-dock-top",
      "slug": "pages",
      "submenu": [{
          "name": "User Profile",
          "slug": "pages-profile",
          "submenu": [{
              "url": "admin/pages/profile-user",
              "name": "Profile",
              "slug": "pages-profile-user"
            },
            {
              "url": "admin/pages/profile-teams",
              "name": "Teams",
              "slug": "pages-profile-teams"
            },
            {
              "url": "admin/pages/profile-projects",
              "name": "Projects",
              "slug": "pages-profile-projects"
            },
            {
              "url": "admin/pages/profile-connections",
              "name": "Connections",
              "slug": "pages-profile-connections"
            }
          ]
        },
        {
          "name": "Account Settings",
          "slug": "pages-account-settings",
          "submenu": [{
              "url": "admin/pages/account-settings-account",
              "name": "Account",
              "slug": "pages-account-settings-account"
            },
            {
              "url": "admin/pages/account-settings-security",
              "name": "Security",
              "slug": "pages-account-settings-security"
            },
            {
              "url": "admin/pages/account-settings-billing",
              "name": "Billing & Plans",
              "slug": "pages-account-settings-billing"
            },
            {
              "url": "admin/pages/account-settings-notifications",
              "name": "Notifications",
              "slug": "pages-account-settings-notifications"
            },
            {
              "url": "admin/pages/account-settings-connections",
              "name": "Connections",
              "slug": "pages-account-settings-connections"
            }
          ]
        },
        {
          "url": "admin/pages/faq",
          "name": "FAQ",
          "slug": "pages-faq"
        },
        {
          "name": "Help Center",
          "slug": "pages-help-center",
          "submenu": [{
              "url": "admin/pages/help-center-landing",
              "name": "Landing",
              "slug": "pages-help-center-landing"
            },
            {
              "url": "admin/pages/help-center-categories",
              "name": "Categories",
              "slug": "pages-help-center-categories"
            },
            {
              "url": "admin/pages/help-center-article",
              "name": "Article",
              "slug": "pages-help-center-article"
            }
          ]
        },
        {
          "url": "admin/pages/pricing",
          "name": "Pricing",
          "slug": "pages-pricing"
        },
        {
          "name": "Misc",
          "slug": "pages-misc",
          "submenu": [{
              "url": "admin/pages/misc-error",
              "name": "Error",
              "slug": "pages-misc-error",
              "target": "_blank"
            },
            {
              "url": "admin/pages/misc-under-maintenance",
              "name": "Under Maintenance",
              "slug": "pages-misc-under-maintenance",
              "target": "_blank"
            },
            {
              "url": "admin/pages/misc-comingsoon",
              "name": "Coming Soon",
              "slug": "pages-misc-comingsoon",
              "target": "_blank"
            },
            {
              "url": "admin/pages/misc-not-authorized",
              "name": "Not Authorized",
              "slug": "pages-misc-not-authorized",
              "target": "_blank"
            }
          ]
        }
      ]
    },
    {
      "name": "Authentications",
      "icon": "menu-icon tf-icons bx bx-user-check",
      "slug": "auth",
      "submenu": [{
          "name": "Login",
          "slug": "auth-login",
          "submenu": [{
              "url": "admin/auth/login-basic",
              "name": "Basic",
              "slug": "auth-login-basic",
              "target": "_blank"
            },
            {
              "url": "admin/auth/login-cover",
              "name": "Cover",
              "slug": "auth-login-cover",
              "target": "_blank"
            }
          ]
        },
        {
          "name": "Register",
          "slug": "auth-register",
          "submenu": [{
              "url": "admin/auth/register-basic",
              "name": "Basic",
              "slug": "auth-register-basic",
              "target": "_blank"
            },
            {
              "url": "admin/auth/register-cover",
              "name": "Cover",
              "slug": "auth-register-cover",
              "target": "_blank"
            },
            {
              "url": "admin/auth/register-multisteps",
              "name": "Multi-steps",
              "slug": "auth-register-multisteps",
              "target": "_blank"
            }
          ]
        },
        {
          "name": "Verify Email",
          "slug": "auth-verify-email",
          "submenu": [{
              "url": "admin/auth/verify-email-basic",
              "name": "Basic",
              "slug": "auth-verify-email-basic",
              "target": "_blank"
            },
            {
              "url": "admin/auth/verify-email-cover",
              "name": "Cover",
              "slug": "auth-verify-email-cover",
              "target": "_blank"
            }
          ]
        },
        {
          "name": "Reset Password",
          "slug": "auth-reset-password",
          "submenu": [{
              "url": "admin/auth/reset-password-basic",
              "name": "Basic",
              "slug": "auth-reset-password-basic",
              "target": "_blank"
            },
            {
              "url": "admin/auth/reset-password-cover",
              "name": "Cover",
              "slug": "auth-reset-password-cover",
              "target": "_blank"
            }
          ]
        },
        {
          "name": "Forgot Password",
          "slug": "auth-forgot-password",
          "submenu": [{
              "url": "admin/auth/forgot-password-basic",
              "name": "Basic",
              "slug": "auth-forgot-password-basic",
              "target": "_blank"
            },
            {
              "url": "admin/auth/forgot-password-cover",
              "name": "Cover",
              "slug": "auth-forgot-password-cover",
              "target": "_blank"
            }
          ]
        },
        {
          "name": "Two Steps",
          "slug": "auth-two-steps",
          "submenu": [{
              "url": "admin/auth/two-steps-basic",
              "name": "Basic",
              "slug": "auth-two-steps-basic",
              "target": "_blank"
            },
            {
              "url": "admin/auth/two-steps-cover",
              "name": "Cover",
              "slug": "auth-two-steps-cover",
              "target": "_blank"
            }
          ]
        }
      ]
    },
    {
      "name": "Wizard Examples",
      "icon": "menu-icon tf-icons bx bx-spreadsheet",
      "slug": "wizard-ex",
      "submenu": [{
          "url": "admin/wizard/ex-checkout",
          "name": "Checkout",
          "slug": "wizard-ex-checkout"
        },
        {
          "url": "admin/wizard/ex-property-listing",
          "name": "Property Listing",
          "slug": "wizard-ex-property-listing"
        },
        {
          "url": "admin/wizard/ex-create-deal",
          "name": "Create Deal",
          "slug": "wizard-ex-create-deal"
        }
      ]
    },
    {
      "url": "admin/modal-examples",
      "icon": "menu-icon tf-icons bx bx-window-open",
      "name": "Modal Examples",
      "slug": "modal-examples"
    },
    {
      "menuHeader": "Components"
    },
    {
      "name": "Cards",
      "icon": "menu-icon tf-icons bx bx-collection",
      "slug": "cards",
      "submenu": [{
          "url": "admin/cards/basic",
          "name": "Basic",
          "slug": "cards-basic"
        },
        {
          "url": "admin/cards/advance",
          "name": "Advance",
          "slug": "cards-advance"
        },
        {
          "url": "admin/cards/statistics",
          "name": "Statistics",
          "slug": "cards-statistics"
        },
        {
          "url": "admin/cards/analytics",
          "name": "Analytics",
          "slug": "cards-analytics"
        },
        {
          "url": "admin/cards/actions",
          "name": "Actions",
          "slug": "cards-actions"
        }
      ]
    },
    {
      "name": "User interface",
      "icon": "menu-icon tf-icons bx bx-box",
      "slug": "ui",
      "submenu": [{
          "url": "admin/ui/accordion",
          "name": "Accordion",
          "slug": "ui-accordion"
        },
        {
          "url": "admin/ui/alerts",
          "name": "Alerts",
          "slug": "ui-alerts"
        },
        {
          "url": "admin/ui/badges",
          "name": "Badges",
          "slug": "ui-badges"
        },
        {
          "url": "admin/ui/buttons",
          "name": "Buttons",
          "slug": "ui-buttons"
        },
        {
          "url": "admin/ui/carousel",
          "name": "Carousel",
          "slug": "ui-carousel"
        },
        {
          "url": "admin/ui/collapse",
          "name": "Collapse",
          "slug": "ui-collapse"
        },
        {
          "url": "admin/ui/dropdowns",
          "name": "Dropdowns",
          "slug": "ui-dropdowns"
        },
        {
          "url": "admin/ui/footer",
          "name": "Footer",
          "slug": "ui-footer"
        },
        {
          "url": "admin/ui/list-groups",
          "name": "List groups",
          "slug": "ui-list-groups"
        },
        {
          "url": "admin/ui/modals",
          "name": "Modals",
          "slug": "ui-modals"
        },
        {
          "url": "admin/ui/navbar",
          "name": "Navbar",
          "slug": "ui-navbar"
        },
        {
          "url": "admin/ui/offcanvas",
          "name": "Offcanvas",
          "slug": "ui-offcanvas"
        },
        {
          "url": "admin/ui/pagination-breadcrumbs",
          "name": "Pagination & Breadcrumbs",
          "slug": "ui-pagination-breadcrumbs"
        },
        {
          "url": "admin/ui/progress",
          "name": "Progress",
          "slug": "ui-progress"
        },
        {
          "url": "admin/ui/spinners",
          "name": "Spinners",
          "slug": "ui-spinners"
        },
        {
          "url": "admin/ui/tabs-pills",
          "name": "Tabs & Pills",
          "slug": "ui-tabs-pills"
        },
        {
          "url": "admin/ui/toasts",
          "name": "Toasts",
          "slug": "ui-toasts"
        },
        {
          "url": "admin/ui/tooltips-popovers",
          "name": "Tooltips & popovers",
          "slug": "ui-tooltips-popovers"
        },
        {
          "url": "admin/ui/typography",
          "name": "Typography",
          "slug": "ui-typography"
        }
      ]
    },
    {
      "name": "Extended UI",
      "icon": "menu-icon tf-icons bx bx-copy",
      "slug": "extended",
      "submenu": [{
          "url": "admin/extended/ui-avatar",
          "name": "Avatar",
          "slug": "extended-ui-avatar"
        },
        {
          "url": "admin/extended/ui-blockui",
          "name": "BlockUI",
          "slug": "extended-ui-blockui"
        },
        {
          "url": "admin/extended/ui-drag-and-drop",
          "name": "Drag & Drop",
          "slug": "extended-ui-drag-and-drop"
        },
        {
          "url": "admin/extended/ui-media-player",
          "name": "Media Player",
          "slug": "extended-ui-media-player"
        },
        {
          "url": "admin/extended/ui-perfect-scrollbar",
          "name": "Perfect scrollbar",
          "slug": "extended-ui-perfect-scrollbar"
        },
        {
          "url": "admin/extended/ui-star-ratings",
          "name": "Star Ratings",
          "slug": "extended-ui-star-ratings"
        },
        {
          "url": "admin/extended/ui-sweetalert2",
          "name": "SweetAlert2",
          "slug": "extended-ui-sweetalert2"
        },
        {
          "url": "admin/extended/ui-text-divider",
          "name": "Text Divider",
          "slug": "extended-ui-text-divider"
        },
        {
          "name": "Timeline",
          "slug": "extended-ui-timeline",
          "submenu": [{
              "url": "admin/extended/ui-timeline-basic",
              "name": "Basic",
              "slug": "extended-ui-timeline-basic"
            },
            {
              "url": "admin/extended/ui-timeline-fullscreen",
              "name": "Fullscreen",
              "slug": "extended-ui-timeline-fullscreen"
            }
          ]
        },
        {
          "url": "admin/extended/ui-tour",
          "name": "Tour",
          "slug": "extended-ui-tour"
        },
        {
          "url": "admin/extended/ui-treeview",
          "name": "Treeview",
          "slug": "extended-ui-treeview"
        },
        {
          "url": "admin/extended/ui-misc",
          "name": "Miscellaneous",
          "slug": "extended-ui-misc"
        }
      ]
    },
    {
      "name": "Icons",
      "icon": "menu-icon tf-icons bx bx-crown",
      "slug": "icons",
      "submenu": [{
          "url": "admin/icons/boxicons",
          "name": "Boxicons",
          "slug": "icons-boxicons"
        },
        {
          "url": "admin/icons/font-awesome",
          "name": "Fontawesome",
          "slug": "icons-font-awesome"
        }
      ]
    },
    {
      "menuHeader": "Forms & Tables"
    },
    {
      "name": "Form Elements",
      "icon": "menu-icon tf-icons bx bx-detail",
      "slug": "forms",
      "submenu": [{
          "url": "admin/forms/basic-inputs",
          "name": "Basic Inputs",
          "slug": "forms-basic-inputs"
        },
        {
          "url": "admin/forms/input-groups",
          "name": "Input groups",
          "slug": "forms-input-groups"
        },
        {
          "url": "admin/forms/custom-options",
          "name": "Custom Options",
          "slug": "forms-custom-options"
        },
        {
          "url": "admin/forms/editors",
          "name": "Editors",
          "slug": "forms-editors"
        },
        {
          "url": "admin/forms/file-upload",
          "name": "File Upload",
          "slug": "forms-file-upload"
        },
        {
          "url": "admin/forms/pickers",
          "name": "Pickers",
          "slug": "forms-pickers"
        },
        {
          "url": "admin/forms/selects",
          "name": "Select & Tags",
          "slug": "forms-selects"
        },
        {
          "url": "admin/forms/sliders",
          "name": "Sliders",
          "slug": "forms-sliders"
        },
        {
          "url": "admin/forms/switches",
          "name": "Switches",
          "slug": "forms-switches"
        },
        {
          "url": "admin/forms/extras",
          "name": "Extras",
          "slug": "forms-extras"
        }
      ]
    },
    {
      "name": "Form Layouts",
      "icon": "menu-icon tf-icons bx bx-detail",
      "slug": "form-layouts",
      "submenu": [{
          "url": "admin/form/layouts-vertical",
          "name": "Vertical Form",
          "slug": "form-layouts-vertical"
        },
        {
          "url": "admin/form/layouts-horizontal",
          "name": "Horizontal Form",
          "slug": "form-layouts-horizontal"
        },
        {
          "url": "admin/form/layouts-sticky",
          "name": "Sticky Actions",
          "slug": "form-layouts-sticky"
        }
      ]
    },
    {
      "name": "Form Wizard",
      "icon": "menu-icon tf-icons bx bx-carousel",
      "slug": "form-wizard",
      "submenu": [{
          "url": "admin/form/wizard-numbered",
          "name": "Numbered",
          "slug": "form-wizard-numbered"
        },
        {
          "url": "admin/form/wizard-icons",
          "name": "Icons",
          "slug": "form-wizard-icons"
        }
      ]
    },
    {
      "url": "admin/form/validation",
      "icon": "menu-icon tf-icons bx bx-list-check",
      "name": "Form Validation",
      "slug": "form-validation"
    },
    {
      "url": "admin/tables/basic",
      "icon": "menu-icon tf-icons bx bx-table",
      "name": "Tables",
      "slug": "tables-basic"
    },
    {
      "name": "Datatables",
      "icon": "menu-icon tf-icons bx bx-grid",
      "slug": "tables-datatables",
      "submenu": [{
          "url": "admin/tables/datatables-basic",
          "name": "Basic",
          "slug": "tables-datatables-basic"
        },
        {
          "url": "admin/tables/datatables-advanced",
          "name": "Advanced",
          "slug": "tables-datatables-advanced"
        },
        {
          "url": "admin/tables/datatables-extensions",
          "name": "Extensions",
          "slug": "tables-datatables-extensions"
        }
      ]
    },
    {
      "menuHeader": "Charts & Maps"
    },
    {
      "name": "Charts",
      "icon": "menu-icon tf-icons bx bx-chart",
      "slug": "charts",
      "submenu": [{
          "url": "admin/charts/apex",
          "name": "Apex Charts",
          "slug": "charts-apex"
        },
        {
          "url": "admin/charts/chartjs",
          "name": "ChartJS",
          "slug": "charts-chartjs"
        }
      ]
    },
    {
      "url": "admin/maps/leaflet",
      "icon": "menu-icon tf-icons bx bx-map-alt",
      "name": "Leaflet Maps",
      "slug": "maps-leaflet"
    },
    {
      "menuHeader": "Misc"
    },
    {
      "url": "https://pixinvent.ticksy.com/",
      "icon": "menu-icon tf-icons bx bx-support",
      "name": "Support",
      "slug": "support",
      "target": "_blank"
    },
    {
      "url": "https://pixinvent.com/demo/frest-clean-bootstrap-admin-dashboard-template/documentation-bs5/laravel-introduction.html",
      "icon": "menu-icon tf-icons bx bx-file",
      "name": "Documentation",
      "slug": "documentation",
      "target": "_blank"
    }
  ]
}
